FIPS,RUCC_2023,RUCC_2013
01001,2,2
01003,3,3
01005,6,6
01007,1,1
01009,1,1
01011,8,6
01013,6,6
01015,3,3
01017,6,6
01019,8,6
01021,1,1
01023,9,9
01025,9,7
01027,9,9
01029,8,8
01031,4,4
01033,3,3
01035,9,7
01037,8,8
01039,6,6
01041,8,8
01043,4,4
01045,4,4
01047,4,4
01049,6,6
01051,2,2
01053,6,6
01055,3,3
01057,8,6
01059,6,6
01061,3,3
01063,2,8
01065,2,3
01067,3,3
01069,3,3
01071,6,6
01073,1,1
01075,8,8
01077,3,3
01079,3,3
01081,3,3
01083,2,2
01085,2,2
01087,3,6
01089,2,2
01091,6,7
01093,9,7
01095,4,4
01097,2,2
01099,8,7
01101,2,2
01103,3,3
01105,8,8
01107,2,3
01109,6,6
01111,8,6
01113,2,2
01115,1,1
01117,1,1
01119,8,8
01121,4,4
01123,6,6
01125,2,3
01127,1,1
01129,8,8
01131,9,9
01133,8,6
04001,8,6
04003,3,3
04005,3,3
04007,4,4
04009,7,7
04011,9,7
04012,6,6
04013,1,1
04015,3,3
04017,4,4
04019,1,2
04021,1,1
04023,6,4
04025,3,3
04027,3,3
05001,6,6
05003,7,7
05005,7,7
05007,2,2
05009,7,7
05011,7,7
05013,9,9
05015,6,6
05017,9,7
05019,7,7
05021,9,7
05023,6,6
05025,8,3
05027,7,7
05029,6,6
05031,3,3
05033,3,2
05035,1,1
05037,6,6
05039,8,6
05041,9,6
05043,7,6
05045,2,2
05047,8,6
05049,9,9
05051,3,3
05053,2,2
05055,4,4
05057,6,6
05059,6,6
05061,8,6
05063,7,7
05065,9,9
05067,6,6
05069,4,3
05071,7,7
05073,8,8
05075,6,6
05077,8,7
05079,9,3
05081,3,3
05083,8,6
05085,2,2
05087,2,2
05089,9,9
05091,3,3
05093,4,4
05095,9,7
05097,8,8
05099,9,7
05101,9,9
05103,7,7
05105,2,2
05107,7,6
05109,9,9
05111,3,3
05113,7,7
05115,5,5
05117,8,8
05119,2,2
05121,7,7
05123,6,6
05125,2,2
05127,8,6
05129,9,9
05131,3,2
05133,6,6
05135,9,7
05137,9,9
05139,7,7
05141,8,8
05143,2,2
05145,4,4
05147,9,9
05149,9,6
06001,1,1
06003,8,8
06005,6,6
06007,3,3
06009,6,6
06011,6,6
06013,1,1
06015,7,7
06017,1,1
06019,1,2
06021,6,6
06023,5,5
06025,3,3
06027,6,7
06029,2,2
06031,3,3
06033,4,4
06035,7,7
06037,1,1
06039,1,3
06041,1,1
06043,8,8
06045,4,4
06047,2,2
06049,8,6
06051,7,7
06053,2,2
06055,3,3
06057,4,4
06059,1,1
06061,1,1
06063,9,7
06065,1,1
06067,1,1
06069,1,1
06071,1,1
06073,1,1
06075,1,1
06077,2,2
06079,2,2
06081,1,1
06083,2,2
06085,1,1
06087,2,2
06089,3,3
06091,8,8
06093,7,6
06095,2,2
06097,2,2
06099,2,2
06101,3,3
06103,4,4
06105,8,8
06107,2,2
06109,4,4
06111,2,2
06113,1,1
06115,3,3
08001,1,1
08003,7,7
08005,1,1
08007,7,7
08009,9,9
08011,9,7
08013,2,2
08014,1,1
08015,6,7
08017,9,9
08019,1,1
08021,9,9
08023,9,9
08025,8,8
08027,8,8
08029,6,6
08031,1,1
08033,9,9
08035,1,1
08037,5,5
08039,1,1
08041,2,2
08043,4,4
08045,5,5
08047,1,1
08049,9,7
08051,7,7
08053,9,9
08055,8,6
08057,9,9
08059,1,1
08061,9,9
08063,9,7
08065,9,6
08067,6,4
08069,2,2
08071,7,7
08073,8,8
08075,6,7
08077,3,3
08079,9,9
08081,7,7
08083,6,6
08085,5,4
08087,6,6
08089,6,6
08091,9,9
08093,1,1
08095,9,9
08097,7,7
08099,7,7
08101,3,3
08103,9,9
08105,9,7
08107,7,7
08109,9,9
08111,9,9
08113,9,9
08115,9,9
08117,5,5
08119,2,2
08121,9,9
08123,2,2
08125,9,7
09110,1,2
09120,2,1
09130,1,4
09140,2,1
09150,4,2
09160,4,2
09170,2,1
09180,2,2
09190,2,3
10001,3,1
10003,1,2
10005,4,1
11001,1,2
12001,2,1
12003,1,3
12005,3,6
12007,6,2
12009,2,1
12011,1,6
12013,8,3
12015,3,3
12017,3,1
12019,1,2
12021,2,4
12023,4,6
12027,6,6
12029,8,1
12031,1,2
12033,2,2
12035,2,6
12037,8,2
12039,2,2
12041,2,6
12043,8,3
12045,8,6
12047,8,6
12049,6,4
12051,4,1
12053,1,3
12055,3,1
12057,1,6
12059,8,3
12061,3,6
12063,6,2
12065,2,9
12067,9,1
12069,1,2
12071,2,2
12073,2,6
12075,2,8
12077,8,6
12079,8,2
12081,2,2
12083,2,2
12085,2,1
12086,1,4
12087,4,1
12089,1,3
12091,2,4
12093,4,1
12095,1,1
12097,1,1
12099,1,1
12101,1,1
12103,1,2
12105,2,4
12107,4,1
12109,1,2
12111,2,2
12113,2,2
12115,2,1
12117,1,3
12119,3,6
12121,6,6
12123,6,6
12125,8,2
12127,2,2
12129,2,3
12131,2,6
12133,3,7
13001,7,9
13003,9,7
13005,9,3
13007,8,4
13009,4,8
13011,8,1
13013,1,1
13015,1,7
13017,7,6
13019,8,3
13021,3,6
13023,6,3
13025,3,3
13027,3,2
13029,2,4
13031,4,2
13033,2,1
13035,1,8
13037,8,4
13039,4,7
13043,9,1
13045,1,2
13047,2,6
13049,8,2
13051,2,2
13053,2,6
13055,6,1
13057,1,3
13059,3,9
13061,9,1
13063,1,6
13065,8,1
13067,1,7
13069,7,6
13071,6,2
13073,2,6
13075,6,1
13077,1,3
13079,3,6
13081,6,2
13083,2,1
13085,1,6
13087,6,1
13089,1,6
13091,7,6
13093,8,3
13095,3,1
13097,1,6
13099,8,3
13101,3,2
13103,2,6
13105,6,7
13107,7,6
13109,8,8
13111,8,1
13113,1,3
13115,3,1
13117,1,8
13119,8,1
13121,1,6
13123,6,9
13125,9,3
13127,3,4
13129,4,6
13131,6,6
13133,8,1
13135,1,6
13137,6,3
13139,3,7
13141,9,1
13143,1,2
13145,2,6
13147,6,1
13149,1,1
13151,1,3
13153,3,7
13155,9,4
13157,4,1
13159,1,7
13161,9,6
13163,8,6
13165,9,7
13167,9,3
13169,3,1
13171,6,3
13173,3,5
13175,4,3
13177,3,3
13179,3,2
13181,2,3
13183,3,3
13185,3,6
13187,1,2
13189,2,3
13191,3,6
13193,8,3
13195,3,2
13197,2,1
13199,1,8
13201,9,6
13205,6,3
13207,3,9
13209,9,1
13211,1,3
13213,3,2
13215,2,1
13217,1,3
13219,3,3
13221,3,1
13223,1,3
13225,3,1
13227,1,6
13229,8,1
13231,1,4
13233,4,3
13235,8,6
13237,8,9
13239,8,7
13241,9,6
13243,8,2
13245,2,1
13247,1,8
13249,8,6
13251,8,6
13253,8,1
13255,1,7
13257,7,8
13259,2,6
13261,6,8
13263,2,8
13265,8,6
13267,8,8
13269,8,7
13271,9,3
13273,3,4
13275,4,5
13277,5,7
13279,7,9
13281,9,7
13283,9,4
13285,4,6
13287,9,3
13289,3,9
13291,8,6
13293,6,2
13295,2,1
13297,1,5
13299,5,8
13301,8,7
13303,7,6
13305,6,8
13307,8,9
13309,9,6
13311,8,3
13313,3,8
13315,9,6
13317,8,8
13319,8,3
13321,3,2
16001,2,9
16003,9,3
16005,3,9
16007,9,6
16009,8,4
16011,6,7
16013,7,2
16015,2,6
16017,6,3
16019,3,7
16021,9,3
16023,3,9
16025,9,2
16027,2,6
16029,8,7
16031,6,9
16033,8,6
16035,8,8
16037,8,6
16039,6,3
16041,3,6
16043,8,2
16045,2,7
16047,8,6
16049,8,3
16051,3,7
16053,3,3
16055,3,4
16057,4,7
16059,9,8
16061,8,9
16063,8,4
16065,4,7
16067,7,3
16069,3,8
16071,8,2
16073,2,6
16075,6,6
16077,8,6
16079,8,9
16081,9,5
16083,3,8
16085,9,6
16087,6,5
17001,5,3
17003,3,1
17005,1,2
17007,2,7
17009,9,7
17011,7,1
17013,1,7
17015,9,6
17017,6,3
17019,3,6
17021,6,6
17023,8,7
17025,9,1
17027,1,5
17029,5,1
17031,1,7
17033,6,9
17035,9,1
17037,1,3
17039,6,6
17041,8,1
17043,1,6
17045,6,9
17047,9,7
17049,7,6
17051,6,3
17053,3,4
17055,7,6
17057,6,8
17059,8,6
17061,8,1
17063,1,7
17065,9,7
17067,9,9
17069,9,9
17071,9,2
17073,2,6
17075,8,3
17077,5,7
17079,9,7
17081,7,1
17083,1,6
17085,8,8
17087,8,1
17089,1,3
17091,3,1
17093,1,4
17095,4,1
17097,1,4
17099,4,7
17101,9,6
17103,6,4
17105,6,6
17107,6,5
17109,7,1
17111,1,3
17113,3,3
17115,3,1
17117,1,1
17119,1,4
17121,7,2
17123,2,6
17125,8,7
17127,3,3
17129,3,2
17131,2,1
17133,1,6
17135,6,4
17137,4,6
17139,8,4
17141,6,2
17143,2,6
17145,7,3
17147,3,7
17149,9,8
17151,8,8
17153,8,8
17155,8,6
17157,6,7
17159,7,2
17161,2,1
17163,1,6
17165,7,3
17167,3,7
17169,9,9
17171,9,6
17173,8,2
17175,2,4
17177,4,2
17179,2,6
17181,6,3
17183,4,7
17185,7,6
17187,6,6
17189,8,7
17191,9,6
17193,6,4
17195,4,1
17197,1,3
17199,5,2
17201,2,2
17203,2,6
18001,6,2
18003,2,3
18005,3,3
18007,3,6
18009,6,1
18011,1,1
18013,1,3
18015,3,4
18017,4,1
18019,1,3
18021,3,6
18023,6,8
18025,8,7
18027,7,1
18029,1,6
18031,6,4
18033,4,3
18035,3,5
18037,5,3
18039,3,6
18041,6,1
18043,1,6
18045,8,6
18047,1,7
18049,7,6
18051,6,4
18053,4,6
18055,6,1
18057,1,1
18059,1,1
18061,1,1
18063,1,4
18065,6,3
18067,3,6
18069,6,4
18071,4,1
18073,1,6
18075,6,6
18077,6,6
18079,6,1
18081,1,5
18083,7,4
18085,4,6
18087,8,1
18089,1,3
18091,3,6
18093,6,1
18095,1,1
18097,1,6
18099,6,7
18101,9,6
18103,6,3
18105,3,6
18107,6,1
18109,1,1
18111,1,6
18113,6,1
18115,1,6
18117,8,3
18119,3,6
18121,8,6
18123,7,8
18125,8,1
18127,1,2
18129,2,6
18131,8,1
18133,6,6
18135,6,6
18137,6,6
18139,6,2
18141,2,1
18143,6,1
18145,1,8
18147,8,6
18149,8,7
18151,7,3
18153,3,8
18155,8,3
18157,3,6
18159,1,1
18161,8,2
18163,2,3
18165,3,3
18167,3,6
18169,6,8
18171,3,2
18173,2,1
18175,1,5
18177,5,2
18179,2,6
18181,6,2
18183,2,8
19001,8,9
19003,9,6
19005,8,7
19007,7,8
19009,9,2
19011,2,3
19013,3,6
19015,3,3
19017,3,6
19019,6,7
19021,7,8
19023,8,9
19025,9,7
19027,7,6
19029,6,6
19031,8,5
19033,5,6
19035,9,6
19037,8,6
19039,6,7
19041,7,8
19043,8,4
19045,4,7
19047,7,2
19049,2,9
19051,9,9
19053,9,6
19055,8,5
19057,5,7
19059,7,3
19061,3,7
19063,7,6
19065,6,7
19067,7,7
19069,9,8
19071,8,6
19073,8,3
19075,3,2
19077,2,6
19079,6,7
19081,9,6
19083,6,2
19085,2,6
19087,6,6
19089,8,7
19091,7,8
19093,8,6
19095,8,6
19097,6,6
19099,2,7
19101,7,3
19103,3,2
19105,2,8
19107,8,7
19109,7,5
19111,7,2
19113,2,8
19115,8,6
19117,8,8
19119,8,2
19121,2,7
19123,7,6
19125,6,4
19127,4,2
19129,2,7
19131,9,6
19133,8,7
19135,9,6
19137,6,4
19139,4,7
19141,7,7
19143,9,6
19145,6,7
19147,9,3
19149,6,9
19151,9,2
19153,2,2
19155,2,7
19157,6,9
19159,9,9
19161,9,2
19163,2,6
19165,8,7
19167,6,3
19169,3,6
19171,6,9
19173,9,6
19175,6,9
19177,9,5
19179,5,2
19181,2,3
19183,3,9
19185,9,5
19187,5,7
19189,9,7
19191,7,3
19193,3,9
19195,9,7
19197,9,7
20001,7,6
20003,8,6
20005,6,9
20007,9,7
20009,7,6
20011,6,6
20013,8,2
20015,2,9
20017,8,8
20019,9,6
20021,3,9
20023,9,9
20025,9,6
20027,8,7
20029,7,6
20031,8,9
20033,9,4
20035,4,4
20037,4,9
20039,9,7
20041,6,3
20043,3,3
20045,3,9
20047,9,8
20049,8,5
20051,5,7
20053,9,5
20055,5,5
20057,5,6
20059,6,4
20061,3,9
20063,9,9
20065,9,7
20067,7,9
20069,9,9
20071,9,6
20073,8,9
20075,9,8
20077,8,2
20079,2,9
20081,9,9
20083,9,3
20085,3,3
20087,3,9
20089,9,1
20091,1,9
20093,9,2
20095,8,9
20097,9,7
20099,7,9
20101,9,1
20103,1,9
20105,9,1
20107,1,9
20109,9,4
20111,4,7
20113,7,6
20115,8,6
20117,8,9
20119,9,1
20121,1,7
20123,9,5
20125,7,8
20127,8,9
20129,9,6
20131,9,7
20133,7,9
20135,9,7
20137,9,3
20139,3,9
20141,9,9
20143,9,7
20145,9,7
20147,9,3
20149,3,7
20151,7,9
20153,9,4
20155,4,9
20157,9,7
20159,9,3
20161,3,9
20163,9,9
20165,9,7
20167,9,5
20169,5,7
20171,9,2
20173,2,5
20175,7,3
20177,3,9
20179,9,7
20181,9,9
20183,9,9
20185,9,9
20187,9,7
20189,9,2
20191,2,7
20193,7,9
20195,9,3
20197,3,9
20199,9,9
20201,9,9
20203,9,7
20205,9,9
20207,9,1
20209,1,7
21001,7,3
21003,3,6
21005,6,9
21007,3,6
21009,6,8
21011,8,7
21013,7,1
21015,1,2
21017,2,2
21019,2,7
21021,7,1
21023,1,7
21025,9,8
21027,8,1
21029,1,3
21031,3,7
21033,7,7
21035,7,1
21037,1,9
21039,3,6
21041,6,6
21043,2,9
21045,9,2
21047,2,2
21049,2,7
21051,9,9
21053,9,7
21055,8,9
21057,9,3
21059,3,3
21061,3,9
21063,8,6
21065,8,2
21067,2,7
21069,9,7
21071,7,4
21073,4,9
21075,9,1
21077,1,6
21079,8,1
21081,1,7
21083,6,6
21085,6,8
21087,8,2
21089,2,3
21091,8,3
21093,3,7
21095,7,6
21097,6,8
21099,8,2
21101,4,1
21103,1,9
21105,8,5
21107,5,9
21109,9,1
21111,1,2
21113,2,7
21115,7,1
21117,1,9
21119,9,7
21121,7,3
21123,3,5
21125,5,6
21127,2,9
21129,9,9
21131,9,9
21133,9,8
21135,8,7
21137,9,9
21139,3,6
21141,6,9
21143,8,5
21145,3,9
21147,9,3
21149,3,4
21151,4,9
21153,9,7
21155,6,7
21157,8,9
21159,8,6
21161,6,3
21163,1,9
21165,9,6
21167,6,9
21169,9,8
21171,8,6
21173,6,9
21175,9,6
21177,6,6
21179,1,8
21181,8,6
21183,6,1
21185,1,8
21187,8,9
21189,9,1
21191,1,7
21193,7,7
21195,7,6
21197,8,5
21199,5,8
21201,8,7
21203,9,7
21205,6,9
21207,9,2
21209,2,1
21211,1,6
21213,6,1
21215,1,7
21217,7,8
21219,8,2
21221,2,1
21223,8,6
21225,8,3
21227,3,9
21229,8,7
21231,7,8
21233,9,7
21235,7,9
21237,9,2
21239,2,2
22001,2,6
22003,6,2
22005,2,6
22007,2,6
22009,6,6
22011,6,6
22013,8,2
22015,2,2
22017,2,3
22019,2,8
22021,8,3
22023,2,9
22025,9,6
22027,9,7
22029,6,2
22031,2,2
22033,2,7
22035,8,2
22037,2,6
22039,6,7
22041,6,3
22043,3,2
22045,4,2
22047,2,6
22049,6,1
22051,1,6
22053,2,2
22055,2,3
22057,3,6
22059,8,4
22061,4,2
22063,2,7
22065,6,6
22067,3,6
22069,6,1
22071,1,3
22073,3,1
22075,1,2
22077,2,3
22079,3,8
22081,8,6
22083,3,6
22085,8,1
22087,1,1
22089,1,2
22091,2,1
22093,1,1
22095,1,4
22097,4,2
22099,2,4
22101,4,1
22103,2,3
22105,3,9
22107,9,3
22109,3,3
22111,3,2
22113,2,5
22115,4,6
22117,6,2
22119,6,2
22121,2,9
22123,8,2
22125,2,6
22127,8,3
23001,3,7
23003,7,2
23005,2,6
23007,8,6
23009,8,4
23011,4,7
23013,7,8
23015,8,6
23017,6,3
23019,3,8
23021,8,2
23023,2,6
23025,6,6
23027,8,7
23029,9,2
23031,2,3
24001,4,1
24003,1,1
24005,1,1
24009,3,6
24011,6,1
24013,1,1
24015,1,1
24017,1,6
24019,6,1
24021,1,6
24023,8,1
24025,1,1
24027,1,6
24029,6,1
24031,1,1
24033,1,1
24035,1,3
24037,3,2
24039,3,6
24041,6,2
24043,2,2
24045,3,2
24047,4,1
24510,1,3
25001,3,3
25003,3,1
25005,1,7
25007,7,1
25009,1,4
25011,4,2
25013,2,2
25015,3,1
25017,1,7
25019,7,1
25021,1,1
25023,1,1
25025,1,2
25027,2,9
26001,9,7
26003,9,4
26005,4,7
26007,7,9
26009,8,8
26011,8,9
26013,9,2
26015,1,3
26017,3,9
26019,3,3
26021,3,6
26023,6,3
26025,3,2
26027,2,7
26029,7,7
26031,7,7
26033,7,6
26035,8,2
26037,2,7
26039,9,5
26041,5,7
26043,7,2
26045,2,7
26047,7,2
26049,2,6
26051,8,7
26053,7,5
26055,3,6
26057,6,6
26059,6,5
26061,5,7
26063,9,2
26065,2,4
26067,1,7
26069,7,7
26071,9,4
26073,4,3
26075,3,2
26077,2,7
26079,3,2
26081,1,9
26083,9,9
26085,9,1
26087,1,9
26089,3,4
26091,4,1
26093,1,7
26095,9,7
26097,9,1
26099,1,7
26101,6,5
26103,5,7
26105,7,6
26107,6,7
26109,7,3
26111,3,9
26113,8,3
26115,3,2
26117,1,9
26119,9,3
26121,3,6
26123,6,1
26125,1,6
26127,8,9
26129,9,9
26131,9,9
26133,9,9
26135,9,7
26137,7,2
26139,1,7
26141,9,7
26143,7,3
26145,3,1
26147,1,4
26149,4,6
26151,8,7
26153,9,4
26155,4,6
26157,6,2
26159,6,2
26161,2,1
26163,1,7
26165,6,8
27001,8,1
27003,1,6
27005,6,7
27007,7,3
27009,3,9
27011,9,3
27013,3,6
27015,6,2
27017,2,1
27019,1,9
27021,9,7
27023,7,1
27025,1,3
27027,3,8
27029,8,9
27031,9,7
27033,9,4
27035,4,1
27037,1,3
27039,3,6
27041,6,6
27043,8,3
27045,3,7
27047,7,4
27049,6,9
27051,9,1
27053,1,3
27055,3,7
27057,9,1
27059,1,6
27061,6,7
27063,9,6
27065,8,4
27067,4,9
27069,9,6
27071,7,9
27073,9,6
27075,8,9
27077,9,1
27079,1,9
27081,9,7
27083,7,6
27085,4,8
27087,8,8
27089,8,7
27091,6,6
27093,6,1
27095,1,6
27097,6,4
27099,4,9
27101,9,3
27103,3,7
27105,7,8
27107,8,3
27109,3,6
27111,6,6
27113,6,6
27115,8,6
27117,8,3
27119,3,8
27121,8,1
27123,1,8
27125,8,7
27127,9,8
27129,9,4
27131,4,6
27133,2,7
27135,9,2
27137,2,1
27139,1,1
27141,1,1
27143,8,3
27145,3,5
27147,5,7
27149,7,7
27151,9,6
27153,8,9
27155,9,3
27157,3,7
27159,9,6
27161,6,1
27163,1,6
27165,8,6
27167,8,4
27169,4,1
27171,1,9
27173,9,5
28001,7,7
28003,7,8
28005,8,6
28007,6,1
28009,1,7
28011,7,9
28013,9,9
28015,8,7
28017,9,9
28019,9,8
28021,8,9
28023,9,7
28025,7,7
28027,6,2
28029,2,8
28031,8,1
28033,1,3
28035,3,9
28037,9,6
28039,8,8
28041,8,7
28043,7,2
28045,2,2
28047,2,2
28049,2,6
28051,2,6
28053,8,8
28055,9,7
28057,9,2
28059,2,9
28061,8,8
28063,9,8
28065,8,4
28067,4,9
28069,9,4
28071,4,3
28073,3,5
28075,5,8
28077,8,6
28079,8,5
28081,5,5
28083,6,6
28085,6,5
28087,5,2
28089,2,6
28091,6,1
28093,1,7
28095,7,7
28097,9,7
28099,7,7
28101,8,7
28103,9,5
28105,5,6
28107,6,6
28109,6,3
28111,3,6
28113,6,7
28115,9,7
28117,7,6
28119,8,2
28121,2,6
28123,2,8
28125,8,2
28127,2,8
28129,8,6
28131,2,7
28133,7,7
28135,9,1
28137,1,6
28139,8,8
28141,8,1
28143,1,6
28145,7,9
28147,9,4
28149,4,5
28151,5,7
28153,9,9
28155,9,8
28157,8,7
28159,9,7
28161,9,2
28163,2,7
29001,7,3
29003,3,9
29005,9,6
29007,6,6
29009,6,6
29011,8,1
29013,1,7
29015,9,3
29017,3,3
29019,3,3
29021,3,5
29023,5,1
29025,1,3
29027,3,7
29029,7,3
29031,3,6
29033,8,9
29035,9,1
29037,1,6
29039,8,9
29041,8,2
29043,2,9
29045,9,1
29047,1,1
29049,1,3
29051,3,6
29053,3,6
29055,8,8
29057,8,2
29059,2,8
29061,8,3
29063,3,7
29065,9,6
29067,8,7
29069,7,1
29071,1,6
29073,8,8
29075,8,2
29077,2,7
29079,7,7
29081,9,6
29083,6,8
29085,8,8
29087,8,6
29089,3,7
29091,7,7
29093,9,1
29095,1,3
29097,3,1
29099,1,4
29101,4,9
29103,9,6
29105,6,1
29107,1,6
29109,6,9
29111,9,1
29113,1,7
29115,9,6
29117,7,2
29119,8,7
29121,7,6
29123,9,8
29125,8,5
29127,7,9
29129,9,6
29131,6,6
29133,8,3
29135,3,9
29137,9,6
29139,8,8
29141,8,7
29143,9,3
29145,3,6
29147,6,9
29149,9,3
29151,3,9
29153,9,7
29155,7,6
29157,6,4
29159,5,5
29161,5,6
29163,8,1
29165,1,2
29167,2,5
29169,5,9
29171,9,9
29173,9,6
29175,6,1
29177,1,9
29179,9,9
29181,9,1
29183,1,8
29185,8,6
29186,8,4
29187,4,1
29189,1,6
29195,7,9
29197,9,9
29199,9,4
29201,4,9
29203,9,9
29205,9,6
29207,6,6
29209,6,9
29211,9,4
29213,4,9
29215,9,7
29217,6,1
29219,1,6
29221,8,9
29223,9,2
29225,2,9
29227,9,6
29229,8,1
29510,1,7
30001,9,6
30003,8,9
30005,9,9
30007,3,3
30009,3,9
30011,9,3
30013,3,8
30015,8,7
30017,7,9
30019,9,7
30021,7,7
30023,7,9
30025,9,7
30027,7,5
30029,5,5
30031,3,9
30033,9,7
30035,9,3
30037,8,8
30039,8,7
30041,7,9
30043,3,8
30045,8,6
30047,6,5
30049,3,9
30051,9,7
30053,9,9
30055,9,9
30057,8,9
30059,8,8
30061,3,3
30063,3,8
30065,8,7
30067,6,9
30069,9,9
30071,9,7
30073,9,9
30075,9,6
30077,8,9
30079,9,6
30081,6,7
30083,7,7
30085,9,9
30087,8,8
30089,8,9
30091,9,5
30093,5,8
30095,3,9
30097,8,8
30099,8,7
30101,9,8
30103,8,7
30105,9,9
30107,9,9
30109,9,3
30111,3,4
31001,4,9
31003,9,9
31005,9,9
31007,8,9
31009,9,9
31011,9,7
31013,7,9
31015,9,9
31017,9,4
31019,4,8
31021,8,6
31023,8,2
31025,2,9
31027,9,9
31029,9,7
31031,9,7
31033,7,8
31035,9,7
31037,7,7
31039,9,7
31041,9,3
31043,3,7
31045,9,7
31047,7,9
31049,9,3
31051,8,4
31053,4,2
31055,2,9
31057,9,8
31059,8,9
31061,9,9
31063,9,9
31065,9,6
31067,6,9
31069,9,9
31071,9,9
31073,9,9
31075,9,8
31077,8,3
31079,3,3
31081,8,9
31083,9,9
31085,9,9
31087,9,7
31089,9,9
31091,9,3
31093,3,7
31095,9,8
31097,8,7
31099,9,7
31101,9,9
31103,9,8
31105,8,9
31107,9,2
31109,2,5
31111,5,9
31113,9,9
31115,9,9
31117,9,5
31119,5,3
31121,3,9
31123,9,8
31125,8,7
31127,9,9
31129,9,6
31131,6,9
31133,9,9
31135,9,7
31137,7,9
31139,9,5
31141,5,9
31143,8,7
31145,7,7
31147,9,9
31149,9,6
31151,6,2
31153,2,2
31155,2,5
31157,5,2
31159,2,9
31161,9,8
31163,8,9
31165,9,9
31167,9,9
31169,9,9
31171,9,8
31173,8,9
31175,9,2
31177,2,6
31179,7,9
31181,9,9
31183,9,6
31185,6,6
32001,6,1
32003,1,4
32005,4,5
32007,5,9
32009,9,9
32011,9,7
32013,7,7
32015,9,8
32017,8,4
32019,2,7
32021,8,4
32023,4,9
32027,8,2
32029,2,2
32031,2,7
32033,9,3
32510,3,4
33001,4,6
33003,6,4
33005,4,7
33007,7,5
33009,5,2
33011,2,4
33013,4,1
33015,1,1
33017,1,7
33019,7,2
34001,2,1
34003,1,1
34005,1,1
34007,1,3
34009,2,3
34011,3,1
34013,1,1
34015,1,1
34017,1,1
34019,1,2
34021,2,1
34023,1,1
34025,1,1
34027,1,1
34029,1,1
34031,1,1
34033,1,1
34035,1,1
34037,1,1
34039,1,2
34041,2,2
35001,2,9
35003,9,5
35005,5,6
35006,6,7
35007,7,5
35009,5,9
35011,9,3
35013,3,5
35015,5,7
35017,7,7
35019,9,9
35021,9,9
35023,9,5
35025,5,7
35027,7,6
35028,6,6
35029,6,5
35031,5,9
35033,8,4
35035,4,7
35037,7,4
35039,6,7
35041,7,2
35043,2,3
35045,3,6
35047,6,3
35049,3,6
35051,6,6
35053,6,7
35055,7,2
35057,2,9
35059,9,2
35061,2,2
36001,2,7
36003,7,1
36005,1,2
36007,3,4
36009,4,4
36011,4,4
36013,4,3
36015,3,6
36017,6,5
36019,4,6
36021,6,4
36023,4,6
36025,8,1
36027,2,1
36029,1,6
36031,6,7
36033,7,4
36035,4,4
36037,4,6
36039,6,8
36041,8,2
36043,2,3
36045,3,1
36047,1,6
36049,8,1
36051,1,2
36053,2,1
36055,1,4
36057,4,1
36059,1,1
36061,1,1
36063,1,2
36065,2,2
36067,2,1
36069,1,1
36071,2,1
36073,1,2
36075,2,7
36077,7,1
36079,1,1
36081,1,2
36083,2,1
36085,1,1
36087,1,4
36089,4,2
36091,2,2
36093,2,2
36095,2,6
36097,8,6
36099,6,4
36101,4,1
36103,1,4
36105,6,2
36107,3,3
36109,3,3
36111,3,3
36113,3,3
36115,3,1
36117,1,1
36119,1,6
36121,8,1
36123,6,3
37001,3,2
37003,2,9
37005,9,6
37007,1,7
37009,9,8
37011,9,6
37013,6,7
37015,9,6
37017,8,2
37019,2,2
37021,2,2
37023,2,1
37025,1,2
37027,2,8
37029,1,4
37031,4,8
37033,8,2
37035,2,2
37037,2,9
37039,9,6
37041,8,9
37043,9,4
37045,4,6
37047,6,3
37049,4,2
37051,2,1
37053,1,4
37055,4,2
37057,2,2
37059,2,6
37061,8,2
37063,2,3
37065,3,2
37067,2,1
37069,1,1
37071,1,1
37073,1,9
37075,9,4
37077,6,8
37079,8,2
37081,2,4
37083,4,4
37085,4,2
37087,4,2
37089,2,6
37091,8,2
37093,2,9
37095,9,1
37097,1,6
37099,7,1
37101,1,3
37103,8,4
37105,4,4
37107,4,1
37109,1,6
37111,6,7
37113,7,2
37115,2,6
37117,6,1
37119,1,7
37121,8,6
37123,8,4
37125,3,3
37127,3,2
37129,2,9
37131,9,3
37133,3,2
37135,2,3
37137,9,4
37139,4,2
37141,2,8
37143,8,2
37145,2,3
37147,3,8
37149,8,2
37151,2,5
37153,4,4
37155,4,2
37157,2,1
37159,1,4
37161,4,6
37163,6,6
37165,6,6
37167,6,2
37169,2,4
37171,6,8
37173,9,6
37175,6,9
37177,9,1
37179,1,4
37181,6,1
37183,1,8
37185,8,7
37187,9,5
37189,5,3
37191,3,6
37193,6,4
37195,4,2
37197,2,8
37199,8,9
38001,9,6
38003,6,9
38005,9,9
38007,9,9
38009,8,9
38011,9,9
38013,8,3
38015,3,3
38017,3,9
38019,9,9
38021,9,9
38023,9,9
38025,9,9
38027,9,8
38029,8,9
38031,9,9
38033,9,3
38035,3,8
38037,8,9
38039,9,9
38041,9,8
38043,8,9
38045,9,9
38047,9,9
38049,3,9
38051,9,9
38053,7,8
38055,8,7
38057,8,3
38059,3,9
38061,8,8
38063,8,3
38065,3,9
38067,9,7
38069,9,7
38071,7,8
38073,8,9
38075,3,6
38077,6,9
38079,9,9
38081,9,9
38083,8,3
38085,9,9
38087,9,7
38089,5,8
38091,8,7
38093,7,9
38095,9,8
38097,8,6
38099,8,5
38101,3,9
38103,9,7
38105,5,6
39001,8,3
39003,3,4
39005,6,4
39007,1,4
39009,4,4
39011,4,3
39013,3,1
39015,1,1
39017,1,2
39019,2,6
39021,6,3
39023,3,1
39025,1,6
39027,6,4
39029,4,6
39031,7,4
39033,4,1
39035,1,6
39037,6,4
39039,6,1
39041,1,4
39043,3,1
39045,1,6
39047,6,1
39049,1,2
39051,2,6
39053,6,1
39055,1,2
39057,2,6
39059,6,1
39061,1,4
39063,4,6
39065,6,6
39067,8,6
39069,6,6
39071,6,1
39073,1,7
39075,9,4
39077,4,7
39079,7,3
39081,3,4
39083,6,1
39085,1,2
39087,2,1
39089,1,6
39091,4,1
39093,1,2
39095,2,1
39097,1,2
39099,2,4
39101,4,1
39103,1,6
39105,8,7
39107,7,2
39109,2,8
39111,8,2
39113,2,6
39115,8,1
39117,1,4
39119,4,7
39121,9,4
39123,3,6
39125,8,1
39127,1,1
39129,1,7
39131,9,2
39133,2,6
39135,6,6
39137,6,3
39139,3,4
39141,4,4
39143,4,4
39145,4,4
39147,4,4
39149,4,2
39151,2,2
39153,2,2
39155,2,4
39157,4,1
39159,1,6
39161,6,8
39163,8,1
39165,1,4
39167,4,4
39169,4,6
39171,7,2
39173,2,7
39175,7,6
40001,8,9
40003,8,9
40005,9,9
40007,9,7
40009,7,6
40011,8,6
40013,6,6
40015,6,1
40017,1,5
40019,5,6
40021,6,7
40023,9,9
40025,9,1
40027,1,9
40029,9,3
40031,3,3
40033,3,6
40035,6,2
40037,1,7
40039,5,6
40041,6,9
40043,9,9
40045,9,5
40047,3,6
40049,6,1
40051,1,9
40053,8,7
40055,9,9
40057,9,9
40059,9,6
40061,8,7
40063,9,7
40065,7,8
40067,8,9
40069,9,5
40071,4,6
40073,8,6
40075,8,7
40077,9,2
40079,6,1
40081,1,1
40083,1,9
40085,9,1
40087,1,7
40089,7,6
40091,8,9
40093,8,6
40095,9,6
40097,6,7
40099,9,4
40101,4,6
40103,8,6
40105,8,6
40107,8,1
40109,1,2
40111,1,2
40113,1,6
40115,6,2
40117,1,4
40119,4,5
40121,7,7
40123,7,4
40125,4,9
40127,9,9
40129,9,2
40131,1,7
40133,7,2
40135,3,4
40137,4,7
40139,7,6
40141,8,2
40143,1,2
40145,1,4
40147,4,7
40149,9,7
40151,7,7
40153,7,7
41001,7,3
41003,3,1
41005,1,4
41007,4,1
41009,1,5
41011,5,6
41013,3,7
41015,7,3
41017,3,4
41019,4,9
41021,9,9
41023,9,7
41025,9,6
41027,6,3
41029,3,6
41031,3,3
41033,3,5
41035,5,7
41037,9,2
41039,2,5
41041,5,3
41043,3,6
41045,6,2
41047,2,6
41049,8,1
41051,1,2
41053,2,9
41055,9,6
41057,7,4
41059,4,7
41061,7,9
41063,9,6
41065,7,1
41067,1,9
41069,9,1
41071,1,3
42001,3,1
42003,1,1
42005,1,1
42007,1,6
42009,8,2
42011,2,3
42013,3,6
42015,6,1
42017,1,1
42019,1,3
42021,3,7
42023,9,2
42025,2,3
42027,3,1
42029,1,6
42031,6,4
42033,4,4
42035,6,3
42037,4,4
42039,4,2
42041,2,2
42043,2,1
42045,1,7
42047,7,2
42049,2,1
42051,1,9
42053,9,3
42055,3,8
42057,8,6
42059,6,6
42061,6,4
42063,4,7
42065,7,6
42067,8,2
42069,2,2
42071,2,4
42073,1,3
42075,3,2
42077,2,2
42079,2,3
42081,3,7
42083,7,2
42085,4,4
42087,4,3
42089,4,1
42091,1,3
42093,6,2
42095,2,4
42097,4,2
42099,2,1
42101,1,1
42103,6,9
42105,9,4
42107,4,7
42109,7,4
42111,6,8
42113,8,6
42115,8,6
42117,8,4
42119,6,4
42121,4,6
42123,6,1
42125,1,6
42127,6,1
42129,1,2
42131,2,2
42133,2,1
44001,1,1
44003,1,1
44005,1,1
44007,1,1
44009,1,6
45001,6,2
45003,2,6
45005,8,2
45007,2,7
45009,9,6
45011,8,3
45013,3,2
45015,2,2
45017,2,2
45019,2,4
45021,6,1
45023,1,6
45025,6,6
45027,8,6
45029,6,3
45031,3,6
45033,6,2
45035,2,2
45037,2,2
45039,2,3
45041,3,4
45043,4,2
45045,2,4
45047,4,6
45049,8,2
45051,2,3
45053,3,2
45055,2,1
45057,1,2
45059,2,6
45061,8,2
45063,2,8
45065,8,6
45067,6,6
45069,6,6
45071,6,4
45073,4,4
45075,4,2
45077,2,2
45079,2,2
45081,2,2
45083,2,3
45085,3,2
45087,2,6
45089,6,1
45091,1,9
46003,9,7
46005,7,9
46007,9,9
46009,9,5
46011,5,5
46013,5,9
46015,9,9
46017,9,6
46019,7,9
46021,9,9
46023,9,9
46025,9,6
46027,6,5
46029,5,9
46031,9,3
46033,3,7
46035,7,9
46037,9,9
46039,9,9
46041,9,9
46043,9,9
46045,9,6
46047,9,9
46049,9,7
46051,9,9
46053,9,8
46055,9,9
46057,9,9
46059,9,8
46061,8,9
46063,9,7
46065,7,8
46067,8,9
46069,9,8
46071,9,9
46073,9,9
46075,9,9
46077,9,6
46079,6,6
46081,6,3
46083,2,9
46085,9,3
46087,2,9
46089,9,9
46091,9,3
46093,3,9
46095,9,8
46097,8,3
46099,2,8
46101,8,3
46102,9,8
46103,3,9
46105,9,9
46107,9,9
46109,9,6
46111,9,9
46115,9,9
46117,9,9
46119,9,9
46121,9,7
46123,9,3
46125,2,3
46127,3,7
46129,9,7
46135,7,8
46137,9,2
47001,2,4
47003,4,7
47005,9,8
47007,8,2
47009,2,3
47011,3,2
47013,2,1
47015,1,6
47017,6,3
47019,3,1
47021,1,3
47023,3,6
47025,6,9
47027,8,6
47029,6,4
47031,4,3
47033,3,4
47035,4,1
47037,1,9
47039,9,6
47041,8,1
47043,1,5
47045,6,1
47047,1,9
47049,8,6
47051,7,4
47053,3,6
47055,6,2
47057,2,4
47059,4,8
47061,8,3
47063,3,2
47065,2,8
47067,8,6
47069,6,6
47071,6,2
47073,2,6
47075,6,6
47077,6,7
47079,7,1
47081,1,8
47083,8,6
47085,8,8
47087,8,3
47089,3,6
47091,8,2
47093,2,9
47095,9,6
47097,6,6
47099,6,6
47101,8,6
47103,6,2
47105,2,4
47107,4,6
47109,8,1
47111,1,3
47113,3,2
47115,2,6
47117,6,1
47119,1,8
47121,8,6
47123,6,2
47125,2,9
47127,9,2
47129,2,7
47131,7,7
47133,9,8
47135,9,9
47137,9,3
47139,3,4
47141,4,6
47143,6,2
47145,2,1
47147,1,1
47149,1,6
47151,8,2
47153,2,4
47155,4,1
47157,1,1
47159,1,8
47161,2,2
47163,2,1
47165,1,1
47167,1,1
47169,1,3
47171,3,2
47173,2,9
47175,9,6
47177,6,3
47179,3,8
47181,8,7
47183,6,7
47185,7,1
47187,1,1
47189,1,7
48001,7,6
48003,6,5
48005,5,2
48007,2,3
48009,3,2
48011,2,1
48013,1,1
48015,1,7
48017,6,1
48019,1,1
48021,1,8
48023,9,6
48025,6,2
48027,2,1
48029,1,8
48031,8,8
48033,9,6
48035,2,3
48037,3,1
48039,1,3
48041,2,7
48043,7,9
48045,8,7
48047,9,5
48049,5,3
48051,2,6
48053,6,1
48055,1,6
48057,6,3
48059,3,2
48061,2,6
48063,8,2
48065,2,6
48067,6,6
48069,9,1
48071,1,6
48073,6,7
48075,9,3
48077,3,9
48079,2,8
48081,8,6
48083,8,1
48085,1,9
48087,9,6
48089,8,1
48091,1,7
48093,9,8
48095,8,6
48097,6,2
48099,2,9
48101,9,6
48103,8,7
48105,8,2
48107,2,9
48109,9,7
48111,7,1
48113,1,7
48115,6,6
48117,6,8
48119,8,1
48121,1,6
48123,6,8
48125,8,6
48127,7,8
48129,8,7
48131,9,6
48133,8,3
48135,3,9
48137,9,1
48139,1,2
48141,2,4
48143,5,2
48145,2,6
48147,6,6
48149,6,8
48151,8,6
48153,8,9
48155,9,1
48157,1,7
48159,9,7
48161,9,6
48163,6,7
48165,6,1
48167,1,6
48169,2,7
48171,7,8
48173,8,3
48175,3,6
48177,6,6
48179,6,3
48181,3,3
48183,2,6
48185,6,1
48187,1,4
48189,4,9
48191,9,6
48193,8,7
48195,9,9
48197,9,2
48199,2,1
48201,1,4
48203,2,7
48205,9,6
48207,8,1
48209,1,7
48211,9,4
48213,4,2
48215,2,6
48217,6,6
48219,2,1
48221,4,6
48223,6,7
48225,7,4
48227,4,2
48229,2,1
48231,1,6
48233,6,3
48235,3,6
48237,8,6
48239,6,6
48241,6,9
48243,9,2
48245,2,6
48247,8,4
48249,6,1
48251,1,3
48253,3,6
48255,8,1
48257,1,1
48259,1,9
48261,9,9
48263,9,4
48265,4,7
48267,9,9
48269,9,7
48271,9,4
48273,4,9
48275,9,5
48277,5,6
48279,6,2
48281,2,6
48283,8,6
48285,8,6
48287,8,8
48289,8,1
48291,1,6
48293,6,9
48295,9,8
48297,8,7
48299,7,9
48301,9,2
48303,2,2
48305,2,7
48307,9,2
48309,2,9
48311,8,6
48313,8,8
48315,8,3
48317,3,9
48319,9,4
48321,6,5
48323,3,1
48325,1,9
48327,9,3
48329,3,6
48331,6,9
48333,9,7
48335,7,6
48337,6,1
48339,1,7
48341,7,6
48343,8,9
48345,8,5
48347,5,4
48349,4,2
48351,8,6
48353,6,2
48355,2,7
48357,7,2
48359,2,2
48361,2,6
48363,6,6
48365,6,1
48367,1,7
48369,9,7
48371,7,6
48373,6,2
48375,2,7
48377,9,8
48379,8,2
48381,2,6
48383,8,9
48385,9,6
48387,8,7
48389,7,6
48391,8,9
48393,9,3
48395,2,1
48397,1,6
48399,8,3
48401,2,8
48403,9,9
48405,9,8
48407,1,2
48409,2,7
48411,9,8
48413,8,7
48415,7,8
48417,8,7
48419,7,9
48421,9,3
48423,3,1
48425,8,4
48427,4,7
48429,7,8
48431,8,9
48433,9,7
48435,9,6
48437,8,1
48439,1,3
48441,3,9
48443,9,6
48445,6,9
48447,9,7
48449,7,3
48451,3,1
48453,1,7
48455,8,6
48457,8,3
48459,2,8
48461,8,6
48463,6,5
48465,5,6
48467,8,3
48469,3,4
48471,4,1
48473,1,6
48475,6,6
48477,6,2
48479,2,4
48481,4,9
48483,9,3
48485,3,6
48487,6,6
48489,6,1
48491,1,1
48493,1,6
48495,6,1
48497,1,6
48499,6,7
48501,9,7
48503,7,6
48505,6,7
48507,7,7
49001,9,2
49003,4,3
49005,3,7
49007,7,9
49009,9,2
49011,2,7
49013,7,7
49015,9,9
49017,9,7
49019,7,4
49021,4,2
49023,2,6
49025,8,7
49027,9,2
49029,2,9
49031,9,8
49033,8,1
49035,1,7
49037,9,6
49039,6,7
49041,7,4
49043,4,1
49045,1,7
49047,7,2
49049,2,6
49051,4,3
49053,3,9
49055,9,2
49057,2,6
50001,6,6
50003,6,7
50005,9,3
50007,3,9
50009,9,3
50011,3,3
50013,3,8
50015,8,9
50017,9,7
50019,9,4
50021,7,4
50023,4,7
50025,7,7
50027,7,8
51001,9,3
51003,3,6
51005,6,1
51007,1,2
51009,2,2
51011,2,1
51013,1,3
51015,3,8
51017,9,2
51019,2,8
51021,8,2
51023,2,6
51025,8,9
51027,9,3
51029,8,2
51031,2,1
51033,8,7
51035,6,1
51036,1,8
51037,8,1
51041,1,1
51043,1,2
51045,2,1
51047,1,8
51049,8,9
51051,9,1
51053,1,6
51057,8,1
51059,1,1
51061,1,3
51063,3,3
51065,3,2
51067,2,3
51069,3,3
51071,3,1
51073,1,1
51075,1,9
51077,9,3
51079,3,6
51081,6,6
51083,6,1
51085,1,1
51087,1,4
51089,4,8
51091,8,1
51093,1,1
51095,1,8
51097,1,6
51099,8,1
51101,1,9
51103,9,8
51105,8,1
51107,1,8
51109,8,9
51111,9,8
51113,8,1
51115,1,7
51117,7,8
51119,8,3
51121,3,3
51125,3,1
51127,1,8
51131,8,9
51133,9,6
51135,8,6
51137,6,6
51139,8,8
51141,8,4
51143,4,1
51145,1,6
51147,6,1
51149,1,1
51153,1,3
51155,3,1
51157,1,9
51159,9,2
51161,2,6
51163,6,3
51165,3,7
51167,8,2
51169,2,6
51171,6,7
51173,7,6
51175,6,1
51177,1,1
51179,1,8
51181,1,1
51183,1,5
51185,7,1
51187,1,2
51191,2,6
51193,8,7
51195,7,6
51197,6,1
51199,1,1
51510,1,2
51520,2,2
51530,6,6
51540,3,3
51550,1,1
51570,1,1
51580,6,6
51590,4,4
51595,6,6
51600,1,1
51610,1,1
51620,6,6
51630,1,1
51640,6,7
51650,1,1
51660,3,3
51670,1,1
51678,6,6
51680,2,2
51683,1,1
51685,1,1
51690,4,4
51700,1,1
51710,1,1
51720,7,7
51730,1,1
51735,1,1
51740,1,1
51750,3,3
51760,1,1
51770,2,2
51775,2,2
51790,3,3
51800,1,1
51810,1,1
51820,3,3
51830,1,1
51840,3,3
53001,6,6
53003,3,3
53005,2,2
53007,3,3
53009,5,5
53011,1,1
53013,8,3
53015,3,3
53017,3,3
53019,8,9
53021,2,2
53023,8,8
53025,5,5
53027,4,4
53029,4,4
53031,6,6
53033,1,1
53035,2,2
53037,4,4
53039,9,6
53041,4,4
53043,8,8
53045,4,4
53047,6,6
53049,7,7
53051,8,2
53053,1,1
53055,9,9
53057,3,3
53059,1,1
53061,1,1
53063,2,2
53065,2,2
53067,2,2
53069,8,8
53071,3,3
53073,3,3
53075,4,4
53077,2,3
54001,9,6
54003,2,2
54005,3,3
54007,8,8
54009,3,3
54011,2,2
54013,8,8
54015,3,3
54017,9,9
54019,3,3
54021,9,7
54023,9,7
54025,6,6
54027,3,3
54029,3,3
54031,8,6
54033,5,5
54035,8,6
54037,1,1
54039,3,3
54041,9,7
54043,8,2
54045,6,6
54047,9,7
54049,4,4
54051,3,3
54053,6,6
54055,4,4
54057,7,3
54059,8,7
54061,3,3
54063,8,8
54065,2,8
54067,8,6
54069,3,3
54071,8,8
54073,8,6
54075,9,9
54077,3,3
54079,2,2
54081,3,3
54083,7,7
54085,8,8
54087,8,6
54089,8,6
54091,6,6
54093,9,8
54095,9,9
54097,7,7
54099,2,2
54101,9,9
54103,7,6
54105,3,3
54107,3,3
54109,8,6
55001,8,8
55003,7,7
55005,6,6
55007,8,8
55009,2,2
55011,8,8
55013,8,8
55015,3,3
55017,3,3
55019,8,6
55021,2,2
55023,6,7
55025,2,2
55027,4,4
55029,6,6
55031,2,2
55033,6,6
55035,3,3
55037,9,9
55039,3,3
55041,9,9
55043,6,6
55045,2,2
55047,6,6
55049,2,2
55051,9,9
55053,8,6
55055,4,4
55057,8,7
55059,3,1
55061,2,2
55063,3,3
55065,8,8
55067,6,6
55069,6,6
55071,4,4
55073,3,3
55075,6,6
55077,8,8
55078,9,8
55079,1,1
55081,4,6
55083,2,2
55085,7,7
55087,3,3
55089,1,1
55091,8,8
55093,1,1
55095,8,6
55097,4,4
55099,9,9
55101,3,3
55103,8,6
55105,3,3
55107,8,6
55109,1,1
55111,4,4
55113,9,7
55115,6,6
55117,3,3
55119,8,6
55121,8,6
55123,3,6
55125,9,9
55127,4,4
55129,8,7
55131,1,1
55133,1,1
55135,6,6
55137,8,6
55139,3,3
55141,4,4
56001,4,4
56003,9,9
56005,5,5
56007,7,7
56009,6,6
56011,9,9
56013,7,7
56015,7,7
56017,9,7
56019,9,7
56021,3,3
56023,9,7
56025,3,3
56027,9,9
56029,7,7
56031,8,7
56033,7,7
56035,9,9
56037,5,5
56039,7,7
56041,7,7
56043,9,7
56045,9,7
